Workbook
Name Slicer_agegroup: #N/A
Name Slicer_Customer_Status: #N/A
Name Slicer_Incomegroup: #N/A
Name Slicer_region: #N/A

Sheet Project Summary
C2: PROJECT TITLE
C3: Customer purchasing | D3: Purchasing Behaviour Analysis Using Excel
C5: OBJECTIVE:
C6: To analyze customer purchasing behaviour and identify trends across regions, income levels,age gropus, and customer segments.
C8: DATASET DESCRIPTION
C9: The dataset contains 238 customer records including age, income,purchase amount,loyalty score, region, and customer status.
C11: TOOLS AND TECHNIQUES USED:
C12: .Microsoft Excel
C13: .Power Query for data cleaning
C14: .Feature Engineering
C15: .Pivot Tables and Pivot Charts
C16: .Slicers for interactivity
C17: .Dashboard design
C19: OUTCOME:
C20: An interactive Excel dashboard was developed to provide insights into customer behaviour and support data-driven business decisions.

Sheet PQ_Cleaned_Data
A1: user_id | B1: age | C1: agegroup | D1: annual_income | E1: Incomegroup | F1: purchase_amount | G1: loyaltyscore | H1: customersegment | I1: region | J1: purchase_frequency
A2: 1 | B2: 25 | C2: 25-34 | D2: 45000 | E2: Medium | F2: 200 | G2: 4.5 | H2: Low Value | I2: North | J2: 12
A3: 2 | B3: 34 | C3: 25-34 | D3: 55000 | E3: Medium | F3: 350 | G3: 7 | H3: Medium Value | I3: South | J3: 18
A4: 3 | B4: 45 | C4: 45+ | D4: 65000 | E4: High | F4: 500 | G4: 8 | H4: High Value | I4: West | J4: 22
A5: 4 | B5: 22 | C5: 18-24 | D5: 30000 | E5: Low | F5: 150 | G5: 3 | H5: Low Value | I5: East | J5: 10
A6: 5 | B6: 29 | C6: 25-34 | D6: 47000 | E6: Medium | F6: 220 | G6: 4.8 | H6: Low Value | I6: North | J6: 13
A7: 6 | B7: 41 | C7: 35-44 | D7: 61000 | E7: High | F7: 480 | G7: 7.8 | H7: Medium Value | I7: South | J7: 21
A8: 7 | B8: 36 | C8: 35-44 | D8: 54000 | E8: Medium | F8: 400 | G8: 6.5 | H8: Medium Value | I8: West | J8: 19
A9: 8 | B9: 27 | C9: 25-34 | D9: 43000 | E9: Medium | F9: 230 | G9: 4.2 | H9: Low Value | I9: East | J9: 14
A10: 9 | B10: 50 | C10: 45+ | D10: 70000 | E10: High | F10: 600 | G10: 9 | H10: High Value | I10: North | J10: 25
A11: 10 | B11: 31 | C11: 25-34 | D11: 50000 | E11: Medium | F11: 320 | G11: 5.5 | H11: Medium Value | I11: South | J11: 17
A12: 11 | B12: 28 | C12: 25-34 | D12: 46000 | E12: Medium | F12: 250 | G12: 4.4 | H12: Low Value | I12: West | J12: 15
A13: 12 | B13: 42 | C13: 35-44 | D13: 62000 | E13: High | F13: 520 | G13: 8.2 | H13: High Value | I13: North | J13: 23
... A238: 237 | B238: 32 | C238: 25-34 | D238: 52000 | E238: Medium | F238: 360 | G238: 5.8 | H238: Medium Value | I238: West | J238: 18
A239: 238 | B239: 31 | D239: 51000 | E239: Medium | F239: 340 | G239: 5.6 | H239: Medium Value | I239: North | J239: 17

Sheet tbl_raw
A1: user_id | B1: age | C1: agegroup | D1: annual_income | E1: Incomegroup | F1: purchase_amount | G1: loyaltyscore | H1: customersegment | I1: region | J1: purchase_frequency
A2: 1 | B2: 25 | C2: 25-34 | D2: 45000 | E2: Medium | F2: 200 | G2: 4.5 | H2: Low Value | I2: North | J2: 12
A3: 2 | B3: 34 | C3: 25-34 | D3: 55000 | E3: Medium | F3: 350 | G3: 7 | H3: Medium Value | I3: South | J3: 18
A4: 3 | B4: 45 | C4: 45+ | D4: 65000 | E4: High | F4: 500 | G4: 8 | H4: High Value | I4: West | J4: 22
A5: 4 | B5: 22 | C5: 18-24 | D5: 30000 | E5: Low | F5: 150 | G5: 3 | H5: Low Value | I5: East | J5: 10
A6: 5 | B6: 29 | C6: 25-34 | D6: 47000 | E6: Medium | F6: 220 | G6: 4.8 | H6: Low Value | I6: North | J6: 13
A7: 6 | B7: 41 | C7: 35-44 | D7: 61000 | E7: High | F7: 480 | G7: 7.8 | H7: Medium Value | I7: South | J7: 21
A8: 7 | B8: 36 | C8: 35-44 | D8: 54000 | E8: Medium | F8: 400 | G8: 6.5 | H8: Medium Value | I8: West | J8: 19
A9: 8 | B9: 27 | C9: 25-34 | D9: 43000 | E9: Medium | F9: 230 | G9: 4.2 | H9: Low Value | I9: East | J9: 14
A10: 9 | B10: 50 | C10: 45+ | D10: 70000 | E10: High | F10: 600 | G10: 9 | H10: High Value | I10: North | J10: 25
A11: 10 | B11: 31 | C11: 25-34 | D11: 50000 | E11: Medium | F11: 320 | G11: 5.5 | H11: Medium Value | I11: South | J11: 17
A12: 11 | B12: 28 | C12: 25-34 | D12: 46000 | E12: Medium | F12: 250 | G12: 4.4 | H12: Low Value | I12: West | J12: 15
A13: 12 | B13: 42 | C13: 35-44 | D13: 62000 | E13: High | F13: 520 | G13: 8.2 | H13: High Value | I13: North | J13: 23
... A238: 237 | B238: 32 | C238: 25-34 | D238: 52000 | E238: Medium | F238: 360 | G238: 5.8 | H238: Medium Value | I238: West | J238: 18
A239: 238 | B239: 31 | D239: 51000 | E239: Medium | F239: 340 | G239: 5.6 | H239: Medium Value | I239: North | J239: 17

Sheet Customer Purchasing Behaviors
A1: user_id | B1: age | C1: agegroup | D1: annual_income | E1: Incomegroup | F1: purchase_amount | G1: loyaltyscore | H1: customersegment | I1: region | J1: purchase_frequency
A2: 1 | B2: 25 | C2: =IF(Table1[[#This Row],[age]]<25,"18-24",IF(Table1[[#This Row],[age]]<35,"25-34",IF(Table1[[#This Row],[age]]<45,"35-44","45+"))) -> 25-34 | D2: 45000 | E2: =IF(Table1[[#This Row],[annual_income]]<40000,"Low",IF(Table1[[#This Row],[annual_income]]<60000,"Medium","High")) -> Medium | F2: 200 | G2: 4.5 | H2: =IF(Table1[[#This Row],[loyaltyscore]]>=8,"High Value",IF(Table1[[#This Row],[loyaltyscore]]>=5,"Medium Value","Low Value")) -> Low Value | I2: North | J2: 12
A3: 2 | B3: 34 | C3: =IF(Table1[[#This Row],[age]]<25,"18-24",IF(Table1[[#This Row],[age]]<35,"25-34",IF(Table1[[#This Row],[age]]<45,"35-44","45+"))) -> 25-34 | D3: 55000 | E3: =IF(Table1[[#This Row],[annual_income]]<40000,"Low",IF(Table1[[#This Row],[annual_income]]<60000,"Medium","High")) -> Medium | F3: 350 | G3: 7 | H3: =IF(Table1[[#This Row],[loyaltyscore]]>=8,"High Value",IF(Table1[[#This Row],[loyaltyscore]]>=5,"Medium Value","Low Value")) -> Medium Value | I3: South | J3: 18
A4: 3 | B4: 45 | C4: =IF(Table1[[#This Row],[age]]<25,"18-24",IF(Table1[[#This Row],[age]]<35,"25-34",IF(Table1[[#This Row],[age]]<45,"35-44","45+"))) -> 45+ | D4: 65000 | E4: =IF(Table1[[#This Row],[annual_income]]<40000,"Low",IF(Table1[[#This Row],[annual_income]]<60000,"Medium","High")) -> High | F4: 500 | G4: 8 | H4: =IF(Table1[[#This Row],[loyaltyscore]]>=8,"High Value",IF(Table1[[#This Row],[loyaltyscore]]>=5,"Medium Value","Low Value")) -> High Value | I4: West | J4: 22
A5: 4 | B5: 22 | C5: =IF(Table1[[#This Row],[age]]<25,"18-24",IF(Table1[[#This Row],[age]]<35,"25-34",IF(Table1[[#This Row],[age]]<45,"35-44","45+"))) -> 18-24 | D5: 30000 | E5: =IF(Table1[[#This Row],[annual_income]]<40000,"Low",IF(Table1[[#This Row],[annual_income]]<60000,"Medium","High")) -> Low | F5: 150 | G5: 3 | H5: =IF(Table1[[#This Row],[loyaltyscore]]>=8,"High Value",IF(Table1[[#This Row],[loyaltyscore]]>=5,"Medium Value","Low Value")) -> Low Value | I5: East | J5: 10
A6: 5 | B6: 29 | C6: =IF(Table1[[#This Row],[age]]<25,"18-24",IF(Table1[[#This Row],[age]]<35,"25-34",IF(Table1[[#This Row],[age]]<45,"35-44","45+"))) -> 25-34 | D6: 47000 | E6: =IF(Table1[[#This Row],[annual_income]]<40000,"Low",IF(Table1[[#This Row],[annual_income]]<60000,"Medium","High")) -> Medium | F6: 220 | G6: 4.8 | H6: =IF(Table1[[#This Row],[loyaltyscore]]>=8,"High Value",IF(Table1[[#This Row],[loyaltyscore]]>=5,"Medium Value","Low Value")) -> Low Value | I6: North | J6: 13
A7: 6 | B7: 41 | C7: =IF(Table1[[#This Row],[age]]<25,"18-24",IF(Table1[[#This Row],[age]]<35,"25-34",IF(Table1[[#This Row],[age]]<45,"35-44","45+"))) -> 35-44 | D7: 61000 | E7: =IF(Table1[[#This Row],[annual_income]]<40000,"Low",IF(Table1[[#This Row],[annual_income]]<60000,"Medium","High")) -> High | F7: 480 | G7: 7.8 | H7: =IF(Table1[[#This Row],[loyaltyscore]]>=8,"High Value",IF(Table1[[#This Row],[loyaltyscore]]>=5,"Medium Value","Low Value")) -> Medium Value | I7: South | J7: 21
A8: 7 | B8: 36 | C8: =IF(Table1[[#This Row],[age]]<25,"18-24",IF(Table1[[#This Row],[age]]<35,"25-34",IF(Table1[[#This Row],[age]]<45,"35-44","45+"))) -> 35-44 | D8: 54000 | E8: =IF(Table1[[#This Row],[annual_income]]<40000,"Low",IF(Table1[[#This Row],[annual_income]]<60000,"Medium","High")) -> Medium | F8: 400 | G8: 6.5 | H8: =IF(Table1[[#This Row],[loyaltyscore]]>=8,"High Value",IF(Table1[[#This Row],[loyaltyscore]]>=5,"Medium Value","Low Value")) -> Medium Value | I8: West | J8: 19
A9: 8 | B9: 27 | C9: =IF(Table1[[#This Row],[age]]<25,"18-24",IF(Table1[[#This Row],[age]]<35,"25-34",IF(Table1[[#This Row],[age]]<45,"35-44","45+"))) -> 25-34 | D9: 43000 | E9: =IF(Table1[[#This Row],[annual_income]]<40000,"Low",IF(Table1[[#This Row],[annual_income]]<60000,"Medium","High")) -> Medium | F9: 230 | G9: 4.2 | H9: =IF(Table1[[#This Row],[loyaltyscore]]>=8,"High Value",IF(Table1[[#This Row],[loyaltyscore]]>=5,"Medium Value","Low Value")) -> Low Value | I9: East | J9: 14
A10: 9 | B10: 50 | C10: =IF(Table1[[#This Row],[age]]<25,"18-24",IF(Table1[[#This Row],[age]]<35,"25-34",IF(Table1[[#This Row],[age]]<45,"35-44","45+"))) -> 45+ | D10: 70000 | E10: =IF(Table1[[#This Row],[annual_income]]<40000,"Low",IF(Table1[[#This Row],[annual_income]]<60000,"Medium","High")) -> High | F10: 600 | G10: 9 | H10: =IF(Table1[[#This Row],[loyaltyscore]]>=8,"High Value",IF(Table1[[#This Row],[loyaltyscore]]>=5,"Medium Value","Low Value")) -> High Value | I10: North | J10: 25
A11: 10 | B11: 31 | C11: =IF(Table1[[#This Row],[age]]<25,"18-24",IF(Table1[[#This Row],[age]]<35,"25-34",IF(Table1[[#This Row],[age]]<45,"35-44","45+"))) -> 25-34 | D11: 50000 | E11: =IF(Table1[[#This Row],[annual_income]]<40000,"Low",IF(Table1[[#This Row],[annual_income]]<60000,"Medium","High")) -> Medium | F11: 320 | G11: 5.5 | H11: =IF(Table1[[#This Row],[loyaltyscore]]>=8,"High Value",IF(Table1[[#This Row],[loyaltyscore]]>=5,"Medium Value","Low Value")) -> Medium Value | I11: South | J11: 17
A12: 11 | B12: 28 | C12: =IF(Table1[[#This Row],[age]]<25,"18-24",IF(Table1[[#This Row],[age]]<35,"25-34",IF(Table1[[#This Row],[age]]<45,"35-44","45+"))) -> 25-34 | D12: 46000 | E12: =IF(Table1[[#This Row],[annual_income]]<40000,"Low",IF(Table1[[#This Row],[annual_income]]<60000,"Medium","High")) -> Medium | F12: 250 | G12: 4.4 | H12: =IF(Table1[[#This Row],[loyaltyscore]]>=8,"High Value",IF(Table1[[#This Row],[loyaltyscore]]>=5,"Medium Value","Low Value")) -> Low Value | I12: West | J12: 15
A13: 12 | B13: 42 | C13: =IF(Table1[[#This Row],[age]]<25,"18-24",IF(Table1[[#This Row],[age]]<35,"25-34",IF(Table1[[#This Row],[age]]<45,"35-44","45+"))) -> 35-44 | D13: 62000 | E13: =IF(Table1[[#This Row],[annual_income]]<40000,"Low",IF(Table1[[#This Row],[annual_income]]<60000,"Medium","High")) -> High | F13: 520 | G13: 8.2 | H13: =IF(Table1[[#This Row],[loyaltyscore]]>=8,"High Value",IF(Table1[[#This Row],[loyaltyscore]]>=5,"Medium Value","Low Value")) -> High Value | I13: North | J13: 23
... A238: 237 | B238: 32 | C238: =IF(Table1[[#This Row],[age]]<25,"18-24",IF(Table1[[#This Row],[age]]<35,"25-34",IF(Table1[[#This Row],[age]]<45,"35-44","45+"))) -> 25-34 | D238: 52000 | E238: =IF(Table1[[#This Row],[annual_income]]<40000,"Low",IF(Table1[[#This Row],[annual_income]]<60000,"Medium","High")) -> Medium | F238: 360 | G238: 5.8 | H238: =IF(Table1[[#This Row],[loyaltyscore]]>=8,"High Value",IF(Table1[[#This Row],[loyaltyscore]]>=5,"Medium Value","Low Value")) -> Medium Value | I238: West | J238: 18
A239: 238 | B239: 31 | D239: 51000 | E239: =IF(Table1[[#This Row],[annual_income]]<40000,"Low",IF(Table1[[#This Row],[annual_income]]<60000,"Medium","High")) -> Medium | F239: 340 | G239: 5.6 | H239: =IF(Table1[[#This Row],[loyaltyscore]]>=8,"High Value",IF(Table1[[#This Row],[loyaltyscore]]>=5,"Medium Value","Low Value")) -> Medium Value | I239: North | J239: 17

Sheet Pivot_Region_Revenue
A3: Region | B3: Sum of purchase_amount
A4: East | B4: 1920
A5: North | B5: 27970
A6: South | B6: 32100
A7: West | B7: 39310
A8: Grand Total | B8: 101300

Sheet Pivot_Age_Customers
A3: Age Group | B3: Count of user_id
A4: 18-24 | B4: 16
A5: 25-34 | B5: 75
A6: 35-44 | B6: 70
A7: 45+ | B7: 76
A8: (blank) | B8: 1
A9: Grand Total | B9: 238

Sheet Pivot_Income_Revenue
A3: Income Group | B3: Sum of purchase_amount
A4: High | B4: 61880
A5: Low | B5: 2690
A6: Medium | B6: 36730
A7: Grand Total | B7: 101300

Sheet PivotCustomer Status Count
A3: Customer_Status | B3: Count of user_id
A4: At Risk | B4: 51
A5: Loyal | B5: 83
A6: Regular | B6: 104
A7: Grand Total | B7: 238

Sheet Dashboard
H2: CUSTOMER PURCHASE BEHAVIOUR DASHBOARD

Sheet Insights
B2: KEY INSIGHTS FROM CUSTOMER PURCHASING BEHAVIOUR ANALYSIS
B4: 1.The West region contributes the highest revenue among all regions, indicating strong customer purchasing power.
B5: 2. The East region shoes the lowest revenue contribution and has potential for growth.
B6: 3. Customers aged 45+ from the largest customer group, followed by the 25-35 age group.
B7: 4. Regular customers are the largest segment compared to Loyal and At-Risk customers.
B8: 5. High-income customers generate significantly more revenue than medium and | I8: and Low income groups.
B9: 6.A noticeable portion of customers fall under the At-Risk category, indicating a need for retention strategies.

Sheet Feature_Engineering
A1: user_id | B1: age | C1: agegroup | D1: annual_income | E1: Incomegroup | F1: purchase_amount | G1: loyaltyscore | H1: customersegment | I1: region | J1: purchase_frequency | K1: Spending_Level | L1: Customer_Status | M1: Final_Segment
A2: 1 | B2: 25 | C2: 25-34 | D2: 45000 | E2: Medium | F2: 200 | G2: 4.5 | H2: Low Value | I2: North | J2: 12 | K2: =IF(F2>=400,"High Spender",IF(F2>=250,"Medium Spender","Low Spender")) -> Low Spender | L2: =IF(OR(G2<5,J2<10),"At Risk",IF(G2>=8,"Loyal","Regular")) -> At Risk | M2: =H2 & " | " & K2 & " | " & L2 -> Low Value | Low Spender | At Risk
A3: 2 | B3: 34 | C3: 25-34 | D3: 55000 | E3: Medium | F3: 350 | G3: 7 | H3: Medium Value | I3: South | J3: 18 | K3: =IF(F3>=400,"High Spender",IF(F3>=250,"Medium Spender","Low Spender")) -> Medium Spender | L3: =IF(OR(G3<5,J3<10),"At Risk",IF(G3>=8,"Loyal","Regular")) -> Regular | M3: =H3 & " | " & K3 & " | " & L3 -> Medium Value | Medium Spender | Regular
A4: 3 | B4: 45 | C4: 45+ | D4: 65000 | E4: High | F4: 500 | G4: 8 | H4: High Value | I4: West | J4: 22 | K4: =IF(F4>=400,"High Spender",IF(F4>=250,"Medium Spender","Low Spender")) -> High Spender | L4: =IF(OR(G4<5,J4<10),"At Risk",IF(G4>=8,"Loyal","Regular")) -> Loyal | M4: =H4 & " | " & K4 & " | " & L4 -> High Value | High Spender | Loyal
A5: 4 | B5: 22 | C5: 18-24 | D5: 30000 | E5: Low | F5: 150 | G5: 3 | H5: Low Value | I5: East | J5: 10 | K5: =IF(F5>=400,"High Spender",IF(F5>=250,"Medium Spender","Low Spender")) -> Low Spender | L5: =IF(OR(G5<5,J5<10),"At Risk",IF(G5>=8,"Loyal","Regular")) -> At Risk | M5: =H5 & " | " & K5 & " | " & L5 -> Low Value | Low Spender | At Risk
A6: 5 | B6: 29 | C6: 25-34 | D6: 47000 | E6: Medium | F6: 220 | G6: 4.8 | H6: Low Value | I6: North | J6: 13 | K6: =IF(F6>=400,"High Spender",IF(F6>=250,"Medium Spender","Low Spender")) -> Low Spender | L6: =IF(OR(G6<5,J6<10),"At Risk",IF(G6>=8,"Loyal","Regular")) -> At Risk | M6: =H6 & " | " & K6 & " | " & L6 -> Low Value | Low Spender | At Risk
A7: 6 | B7: 41 | C7: 35-44 | D7: 61000 | E7: High | F7: 480 | G7: 7.8 | H7: Medium Value | I7: South | J7: 21 | K7: =IF(F7>=400,"High Spender",IF(F7>=250,"Medium Spender","Low Spender")) -> High Spender | L7: =IF(OR(G7<5,J7<10),"At Risk",IF(G7>=8,"Loyal","Regular")) -> Regular | M7: =H7 & " | " & K7 & " | " & L7 -> Medium Value | High Spender | Regular
A8: 7 | B8: 36 | C8: 35-44 | D8: 54000 | E8: Medium | F8: 400 | G8: 6.5 | H8: Medium Value | I8: West | J8: 19 | K8: =IF(F8>=400,"High Spender",IF(F8>=250,"Medium Spender","Low Spender")) -> High Spender | L8: =IF(OR(G8<5,J8<10),"At Risk",IF(G8>=8,"Loyal","Regular")) -> Regular | M8: =H8 & " | " & K8 & " | " & L8 -> Medium Value | High Spender | Regular
A9: 8 | B9: 27 | C9: 25-34 | D9: 43000 | E9: Medium | F9: 230 | G9: 4.2 | H9: Low Value | I9: East | J9: 14 | K9: =IF(F9>=400,"High Spender",IF(F9>=250,"Medium Spender","Low Spender")) -> Low Spender | L9: =IF(OR(G9<5,J9<10),"At Risk",IF(G9>=8,"Loyal","Regular")) -> At Risk | M9: =H9 & " | " & K9 & " | " & L9 -> Low Value | Low Spender | At Risk
A10: 9 | B10: 50 | C10: 45+ | D10: 70000 | E10: High | F10: 600 | G10: 9 | H10: High Value | I10: North | J10: 25 | K10: =IF(F10>=400,"High Spender",IF(F10>=250,"Medium Spender","Low Spender")) -> High Spender | L10: =IF(OR(G10<5,J10<10),"At Risk",IF(G10>=8,"Loyal","Regular")) -> Loyal | M10: =H10 & " | " & K10 & " | " & L10 -> High Value | High Spender | Loyal
A11: 10 | B11: 31 | C11: 25-34 | D11: 50000 | E11: Medium | F11: 320 | G11: 5.5 | H11: Medium Value | I11: South | J11: 17 | K11: =IF(F11>=400,"High Spender",IF(F11>=250,"Medium Spender","Low Spender")) -> Medium Spender | L11: =IF(OR(G11<5,J11<10),"At Risk",IF(G11>=8,"Loyal","Regular")) -> Regular | M11: =H11 & " | " & K11 & " | " & L11 -> Medium Value | Medium Spender | Regular
A12: 11 | B12: 28 | C12: 25-34 | D12: 46000 | E12: Medium | F12: 250 | G12: 4.4 | H12: Low Value | I12: West | J12: 15 | K12: =IF(F12>=400,"High Spender",IF(F12>=250,"Medium Spender","Low Spender")) -> Medium Spender | L12: =IF(OR(G12<5,J12<10),"At Risk",IF(G12>=8,"Loyal","Regular")) -> At Risk | M12: =H12 & " | " & K12 & " | " & L12 -> Low Value | Medium Spender | At Risk
A13: 12 | B13: 42 | C13: 35-44 | D13: 62000 | E13: High | F13: 520 | G13: 8.2 | H13: High Value | I13: North | J13: 23 | K13: =IF(F13>=400,"High Spender",IF(F13>=250,"Medium Spender","Low Spender")) -> High Spender | L13: =IF(OR(G13<5,J13<10),"At Risk",IF(G13>=8,"Loyal","Regular")) -> Loyal | M13: =H13 & " | " & K13 & " | " & L13 -> High Value | High Spender | Loyal
... A238: 237 | B238: 32 | C238: 25-34 | D238: 52000 | E238: Medium | F238: 360 | G238: 5.8 | H238: Medium Value | I238: West | J238: 18 | K238: =IF(F238>=400,"High Spender",IF(F238>=250,"Medium Spender","Low Spender")) -> Medium Spender | L238: =IF(OR(G238<5,J238<10),"At Risk",IF(G238>=8,"Loyal","Regular")) -> Regular | M238: =H238 & " | " & K238 & " | " & L238 -> Medium Value | Medium Spender | Regular
A239: 238 | B239: 31 | D239: 51000 | E239: Medium | F239: 340 | G239: 5.6 | H239: Medium Value | I239: North | J239: 17 | K239: =IF(F239>=400,"High Spender",IF(F239>=250,"Medium Spender","Low Spender")) -> Medium Spender | L239: =IF(OR(G239<5,J239<10),"At Risk",IF(G239>=8,"Loyal","Regular")) -> Regular | M239: =H239 & " | " & K239 & " | " & L239 -> Medium Value | Medium Spender | Regular

Sheet Summary
A1: Total Customers | B1: =COUNTA(Feature_Engineering!A:A) -> 239
A2: Average Purchase Amount | B2: =AVERAGE(Feature_Engineering!F:F) -> 425.63025
A3: Average Loyalty Score | B3: =AVERAGE(Feature_Engineering!G:G) -> 6.7941176
A4: Maximum Purchase Amount | B4: =MAX(Feature_Engineering!F:F) -> 640
A5: Minimum Purchase Amount | B5: =MIN(Feature_Engineering!F:F) -> 150

Sheet Recomendations
D2: BUSINESS RECOMMENDATIONS BASED ON ANALYSIS
C4: 1 | D4: . Introduce loyalty programs and reward schemes to convert Regular customers into Loyal customers.
C6: 2 | D6: . Design targeted marketing campaigns for the East region to improve revenue contribution.
C8: 3 | D8: . Focus on retaining At-Risk customers through personalized offers and follow-ups.
C10: 4 | D10: . Offer premium products and services to High-income customers to maximize revenue.
C12: 5 | D12: . Customize promotions for the 25–44 age group to increase engagement and repeat purchases.

Sheet Sheet4
